Loop, Row, Predicted, Correct
0, 1, 0.530297, 0.1
0, 2, 0.52414, 0.100213
0, 3, 0.518177, 0.100255
0, 4, 0.512319, 0.100517
0, 5, 0.506822, 0.100521
0, 6, 0.500399, 0.100579
0, 7, 0.495012, 0.100685
0, 8, 0.489878, 0.100703
0, 9, 0.484142, 0.100711
0, 10, 0.478636, 0.100753
0, 11, 0.473577, 0.100795
0, 12, 0.467592, 0.100847
0, 13, 0.462019, 0.100872
0, 14, 0.456898, 0.10088
0, 15, 0.452033, 0.100928
0, 16, 0.447908, 0.10094
0, 17, 0.442656, 0.100944
0, 18, 0.438458, 0.10127
0, 19, 0.432409, 0.101325
0, 20, 0.428354, 0.101395
0, 21, 0.42423, 0.101422
0, 22, 0.420544, 0.101432
0, 23, 0.416046, 0.101487
0, 24, 0.411471, 0.101496
0, 25, 0.40747, 0.101678
0, 26, 0.403693, 0.101683
0, 27, 0.399545, 0.101886
0, 28, 0.394041, 0.101974
0, 29, 0.390977, 0.102017
0, 30, 0.387821, 0.102018
0, 31, 0.385036, 0.102023
0, 32, 0.380446, 0.102188
0, 33, 0.376874, 0.102214
0, 34, 0.374101, 0.10228
0, 35, 0.370669, 0.102368
0, 36, 0.366815, 0.102371
0, 37, 0.361951, 0.102491
0, 38, 0.360296, 0.102503
0, 39, 0.357085, 0.102544
0, 40, 0.353831, 0.102594
0, 41, 0.351169, 0.102642
0, 42, 0.348742, 0.102688
0, 43, 0.345304, 0.102714
0, 44, 0.342547, 0.102742
0, 45, 0.339473, 0.102788
0, 46, 0.336949, 0.102795
0, 47, 0.334726, 0.1028
0, 48, 0.332436, 0.102834
0, 49, 0.329779, 0.102836
0, 50, 0.327423, 0.10285
0, 51, 0.324506, 0.102879
0, 52, 0.322514, 0.10296
0, 53, 0.320218, 0.102972
0, 54, 0.314696, 0.103075
0, 55, 0.315349, 0.103135
0, 56, 0.309783, 0.10332
0, 57, 0.308422, 0.103352
0, 58, 0.306585, 0.10342
0, 59, 0.306296, 0.103552
0, 60, 0.302188, 0.103601
0, 61, 0.302379, 0.103615
0, 62, 0.2994, 0.103627
0, 63, 0.294812, 0.103673
0, 64, 0.296489, 0.103865
0, 65, 0.29416, 0.103871
0, 66, 0.292674, 0.103974
0, 67, 0.289368, 0.104014
0, 68, 0.288925, 0.104041
0, 69, 0.285241, 0.104096
0, 70, 0.285109, 0.1041
0, 71, 0.281072, 0.104163
0, 72, 0.279104, 0.104342
0, 73, 0.280125, 0.104394
0, 74, 0.278119, 0.104625
0, 75, 0.273853, 0.104653
0, 76, 0.272389, 0.104708
0, 77, 0.272641, 0.104809
0, 78, 0.269154, 0.104818
0, 79, 0.272938, 0.104839
0, 80, 0.269356, 0.104899
0, 81, 0.257961, 0.104922
0, 82, 0.263084, 0.105082
0, 83, 0.264783, 0.105166
0, 84, 0.263105, 0.10519
0, 85, 0.260487, 0.105235
0, 86, 0.260454, 0.105333
0, 87, 0.258616, 0.105628
0, 88, 0.257505, 0.105639
0, 89, 0.256062, 0.105778
0, 90, 0.248675, 0.105927
0, 91, 0.253894, 0.105971
0, 92, 0.250386, 0.106032
0, 93, 0.247019, 0.106136
0, 94, 0.25106, 0.106182
0, 95, 0.249557, 0.106316
0, 96, 0.248926, 0.106319
0, 97, 0.247685, 0.106337
0, 98, 0.245333, 0.106356
0, 99, 0.24509, 0.106399
0, 100, 0.243948, 0.106437
0, 101, 0.238461, 0.10644
0, 102, 0.241713, 0.106441
0, 103, 0.239591, 0.10647
0, 104, 0.238042, 0.10672
0, 105, 0.238538, 0.106737
0, 106, 0.237598, 0.106939
0, 107, 0.236522, 0.107022
0, 108, 0.233139, 0.107076
0, 109, 0.232421, 0.1073
0, 110, 0.233362, 0.107431
0, 111, 0.232187, 0.107558
0, 112, 0.229572, 0.10756
0, 113, 0.226882, 0.107594
0, 114, 0.228427, 0.107607
0, 115, 0.228677, 0.107647
0, 116, 0.22783, 0.10798
0, 117, 0.227239, 0.10816
0, 118, 0.22477, 0.10816
0, 119, 0.225462, 0.108279
0, 120, 0.224662, 0.108307
0, 121, 0.223867, 0.108428
0, 122, 0.223192, 0.108471
0, 123, 0.221656, 0.108502
0, 124, 0.219862, 0.108541
0, 125, 0.216091, 0.108569
0, 126, 0.219728, 0.108681
0, 127, 0.217169, 0.108747
0, 128, 0.217898, 0.108759
0, 129, 0.214733, 0.108793
0, 130, 0.216715, 0.108818
0, 131, 0.216656, 0.108836
0, 132, 0.215754, 0.10893
0, 133, 0.214853, 0.108992
0, 134, 0.21466, 0.109071
0, 135, 0.211907, 0.1091
0, 136, 0.213304, 0.10922
0, 137, 0.21181, 0.109393
0, 138, 0.211305, 0.10951
0, 139, 0.211377, 0.109569
0, 140, 0.208923, 0.109683
0, 141, 0.203984, 0.109808
0, 142, 0.205983, 0.109821
0, 143, 0.208475, 0.109878
0, 144, 0.20584, 0.109967
0, 145, 0.205669, 0.110144
0, 146, 0.196322, 0.11021
0, 147, 0.204329, 0.110242
0, 148, 0.205422, 0.110297
0, 149, 0.204436, 0.110298
0, 150, 0.202444, 0.110344
0, 151, 0.198292, 0.110357
0, 152, 0.200797, 0.110405
0, 153, 0.201759, 0.110644
0, 154, 0.200152, 0.11065
0, 155, 0.199358, 0.110757
0, 156, 0.199573, 0.110769
0, 157, 0.199592, 0.110822
0, 158, 0.198364, 0.110851
0, 159, 0.198531, 0.110987
0, 160, 0.188055, 0.11103
0, 161, 0.198565, 0.111036
0, 162, 0.195961, 0.111186
0, 163, 0.197372, 0.111223
0, 164, 0.19441, 0.111313
0, 165, 0.19452, 0.11132
0, 166, 0.194933, 0.111496
0, 167, 0.192201, 0.111622
0, 168, 0.194452, 0.111641
0, 169, 0.194168, 0.111744
0, 170, 0.193342, 0.111832
0, 171, 0.19266, 0.111975
0, 172, 0.185805, 0.112046
0, 173, 0.190978, 0.112157
0, 174, 0.191034, 0.112157
0, 175, 0.184186, 0.112175
0, 176, 0.190311, 0.112199
0, 177, 0.186563, 0.112201
0, 178, 0.190164, 0.112265
0, 179, 0.185009, 0.112265
0, 180, 0.186227, 0.112726
0, 181, 0.187163, 0.112738
0, 182, 0.186488, 0.112784
0, 183, 0.184266, 0.11295
0, 184, 0.179328, 0.113029
0, 185, 0.179087, 0.113066
0, 186, 0.185246, 0.113107
0, 187, 0.184408, 0.113205
0, 188, 0.18639, 0.113266
0, 189, 0.186047, 0.113297
0, 190, 0.185856, 0.113298
0, 191, 0.18227, 0.113403
0, 192, 0.179455, 0.113417
0, 193, 0.183482, 0.113424
0, 194, 0.182197, 0.113777
0, 195, 0.182622, 0.114374
0, 196, 0.18367, 0.114844
0, 197, 0.180994, 0.114916
0, 198, 0.17954, 0.115105
0, 199, 0.173835, 0.115134
0, 200, 0.176443, 0.115278
0, 201, 0.179994, 0.115289
0, 202, 0.17733, 0.115306
0, 203, 0.180279, 0.115641
0, 204, 0.178954, 0.115925
0, 205, 0.168327, 0.11604
0, 206, 0.171661, 0.116288
0, 207, 0.177835, 0.116375
0, 208, 0.177281, 0.117135
0, 209, 0.177296, 0.117294
0, 210, 0.170384, 0.117316
0, 211, 0.177206, 0.117409
0, 212, 0.177909, 0.117454
0, 213, 0.176702, 0.117498
0, 214, 0.175388, 0.117517
0, 215, 0.175793, 0.117534
0, 216, 0.174439, 0.117986
0, 217, 0.175973, 0.118141
0, 218, 0.170656, 0.118342
0, 219, 0.172484, 0.118588
0, 220, 0.174972, 0.118592
0, 221, 0.172352, 0.118788
0, 222, 0.172657, 0.119677
0, 223, 0.171805, 0.119726
0, 224, 0.172627, 0.119817
0, 225, 0.172618, 0.120077
0, 226, 0.174185, 0.120597
0, 227, 0.170304, 0.120945
0, 228, 0.171349, 0.121157
0, 229, 0.171622, 0.121467
0, 230, 0.171923, 0.121509
0, 231, 0.171309, 0.121901
0, 232, 0.17073, 0.121994
0, 233, 0.173219, 0.122009
0, 234, 0.170983, 0.122349
0, 235, 0.170228, 0.122448
0, 236, 0.167642, 0.122459
0, 237, 0.169907, 0.122534
0, 238, 0.168568, 0.12269
0, 239, 0.162737, 0.122916
0, 240, 0.16605, 0.123425
0, 241, 0.171243, 0.123708
0, 242, 0.168899, 0.123852
0, 243, 0.168786, 0.123922
0, 244, 0.167058, 0.123991
0, 245, 0.166797, 0.123998
0, 246, 0.165303, 0.124178
0, 247, 0.168753, 0.12437
0, 248, 0.167078, 0.124564
0, 249, 0.166407, 0.124642
0, 250, 0.165873, 0.124815
0, 251, 0.167607, 0.125122
0, 252, 0.162891, 0.125164
0, 253, 0.16668, 0.12537
0, 254, 0.165843, 0.125408
0, 255, 0.16662, 0.125869
0, 256, 0.163894, 0.126031
0, 257, 0.157553, 0.126728
0, 258, 0.165413, 0.127565
0, 259, 0.16132, 0.127665
0, 260, 0.162564, 0.12775
0, 261, 0.164633, 0.128303
0, 262, 0.164803, 0.128556
0, 263, 0.163867, 0.128676
0, 264, 0.164963, 0.129015
0, 265, 0.165118, 0.129059
0, 266, 0.165422, 0.129224
0, 267, 0.164323, 0.129347
0, 268, 0.161845, 0.129356
0, 269, 0.163453, 0.129448
0, 270, 0.163785, 0.129587
0, 271, 0.161626, 0.129652
0, 272, 0.164846, 0.129674
0, 273, 0.164975, 0.129706
0, 274, 0.156253, 0.13003
0, 275, 0.164435, 0.130042
0, 276, 0.161274, 0.130095
0, 277, 0.158736, 0.130121
0, 278, 0.159552, 0.13032
0, 279, 0.164008, 0.130701
0, 280, 0.163767, 0.130827
0, 281, 0.158836, 0.130914
0, 282, 0.163627, 0.130983
0, 283, 0.1622, 0.131306
0, 284, 0.155548, 0.131418
0, 285, 0.160351, 0.131539
0, 286, 0.160486, 0.132348
0, 287, 0.162385, 0.132361
0, 288, 0.154732, 0.132428
0, 289, 0.161999, 0.132457
0, 290, 0.160639, 0.132854
0, 291, 0.154867, 0.133635
0, 292, 0.156677, 0.133655
0, 293, 0.161694, 0.133812
0, 294, 0.159288, 0.134683
0, 295, 0.160356, 0.134751
0, 296, 0.161353, 0.134974
0, 297, 0.160498, 0.135121
0, 298, 0.158881, 0.135336
0, 299, 0.160744, 0.135639
0, 300, 0.16083, 0.136267
0, 301, 0.155863, 0.136412
0, 302, 0.160102, 0.136522
0, 303, 0.152817, 0.136585
0, 304, 0.157155, 0.13667
0, 305, 0.160177, 0.136937
0, 306, 0.16086, 0.137319
0, 307, 0.160436, 0.137327
0, 308, 0.153916, 0.137429
0, 309, 0.158243, 0.138783
0, 310, 0.157908, 0.138898
0, 311, 0.159352, 0.138922
0, 312, 0.158606, 0.138988
0, 313, 0.156524, 0.139162
0, 314, 0.156536, 0.139528
0, 315, 0.158668, 0.139623
0, 316, 0.158153, 0.140005
0, 317, 0.158647, 0.140119
0, 318, 0.157896, 0.140196
0, 319, 0.159127, 0.140325
0, 320, 0.149955, 0.140505
0, 321, 0.156305, 0.140705
0, 322, 0.156876, 0.140902
0, 323, 0.158235, 0.141417
0, 324, 0.158279, 0.141521
0, 325, 0.157342, 0.14182
0, 326, 0.157561, 0.142323
0, 327, 0.156206, 0.142718
0, 328, 0.154033, 0.1432
0, 329, 0.158489, 0.143354
0, 330, 0.153068, 0.143356
0, 331, 0.154581, 0.143503
0, 332, 0.154733, 0.144443
0, 333, 0.155926, 0.145047
0, 334, 0.152739, 0.145452
0, 335, 0.157425, 0.145826
0, 336, 0.158168, 0.145976
0, 337, 0.1581, 0.146468
0, 338, 0.15652, 0.146523
0, 339, 0.156755, 0.147185
0, 340, 0.150502, 0.14751
0, 341, 0.154001, 0.147888
0, 342, 0.156141, 0.147996
0, 343, 0.156592, 0.148135
0, 344, 0.148431, 0.14821
0, 345, 0.152839, 0.148532
0, 346, 0.157403, 0.148727
0, 347, 0.152277, 0.148817
0, 348, 0.154999, 0.14934
0, 349, 0.15647, 0.149623
0, 350, 0.157344, 0.149737
0, 351, 0.158343, 0.150383
0, 352, 0.1538, 0.150536
0, 353, 0.155716, 0.151046
0, 354, 0.155384, 0.151188
0, 355, 0.155704, 0.151232
0, 356, 0.15121, 0.151299
0, 357, 0.156356, 0.151442
0, 358, 0.155192, 0.151972
0, 359, 0.153288, 0.151993
0, 360, 0.153826, 0.152263
0, 361, 0.1558, 0.153149
0, 362, 0.148331, 0.153564
0, 363, 0.1564, 0.154023
0, 364, 0.159003, 0.154206
0, 365, 0.155403, 0.154268
0, 366, 0.156594, 0.154803
0, 367, 0.150197, 0.155542
0, 368, 0.15482, 0.156162
0, 369, 0.152664, 0.156408
0, 370, 0.155006, 0.156657
0, 371, 0.153761, 0.156925
0, 372, 0.157066, 0.157134
0, 373, 0.156873, 0.157499
0, 374, 0.152545, 0.15774
0, 375, 0.154818, 0.158264
0, 376, 0.157217, 0.158419
0, 377, 0.149718, 0.158422
0, 378, 0.155235, 0.15934
0, 379, 0.155674, 0.160313
0, 380, 0.15734, 0.161236
0, 381, 0.157942, 0.162441
0, 382, 0.153004, 0.162481
0, 383, 0.155447, 0.16288
0, 384, 0.154508, 0.162925
0, 385, 0.153424, 0.163074
0, 386, 0.155787, 0.164368
0, 387, 0.15641, 0.164462
0, 388, 0.157993, 0.164687
0, 389, 0.155213, 0.164895
0, 390, 0.156304, 0.164897
0, 391, 0.155389, 0.16507
0, 392, 0.150791, 0.165144
0, 393, 0.155773, 0.165381
0, 394, 0.155228, 0.165846
0, 395, 0.157652, 0.166689
0, 396, 0.154929, 0.166743
0, 397, 0.156739, 0.166745
0, 398, 0.154217, 0.166813
0, 399, 0.154042, 0.167282
0, 400, 0.158528, 0.167755
0, 401, 0.155356, 0.167797
0, 402, 0.152096, 0.168685
0, 403, 0.157018, 0.168939
0, 404, 0.156947, 0.169073
0, 405, 0.157983, 0.170201
0, 406, 0.157874, 0.170473
0, 407, 0.147908, 0.172093
0, 408, 0.151767, 0.172616
0, 409, 0.155412, 0.172843
0, 410, 0.15672, 0.173157
0, 411, 0.155904, 0.174649
0, 412, 0.156741, 0.175354
0, 413, 0.15855, 0.176001
0, 414, 0.158962, 0.177113
0, 415, 0.153083, 0.177498
0, 416, 0.158929, 0.178732
0, 417, 0.1527, 0.178827
0, 418, 0.15859, 0.178938
0, 419, 0.157697, 0.180858
0, 420, 0.15749, 0.1811
0, 421, 0.159696, 0.181165
0, 422, 0.154222, 0.181266
0, 423, 0.157312, 0.18155
0, 424, 0.1522, 0.181858
0, 425, 0.153952, 0.181997
0, 426, 0.152641, 0.184193
0, 427, 0.159472, 0.184395
0, 428, 0.159417, 0.184531
0, 429, 0.159646, 0.185918
0, 430, 0.159964, 0.186049
0, 431, 0.158029, 0.186072
0, 432, 0.154548, 0.186367
0, 433, 0.156541, 0.188267
0, 434, 0.157592, 0.189598
0, 435, 0.156093, 0.189618
0, 436, 0.160277, 0.190445
0, 437, 0.161793, 0.190725
0, 438, 0.157456, 0.192397
0, 439, 0.162343, 0.192442
0, 440, 0.161137, 0.194558
0, 441, 0.159557, 0.194727
0, 442, 0.162302, 0.194746
0, 443, 0.159962, 0.194747
0, 444, 0.155343, 0.194951
0, 445, 0.162472, 0.195511
0, 446, 0.16001, 0.19565
0, 447, 0.163153, 0.195861
0, 448, 0.160731, 0.196229
0, 449, 0.163428, 0.197017
0, 450, 0.161388, 0.198531
0, 451, 0.160075, 0.19893
0, 452, 0.16145, 0.199012
0, 453, 0.162275, 0.1994
0, 454, 0.159027, 0.199765
0, 455, 0.159322, 0.200233
0, 456, 0.164148, 0.204047
0, 457, 0.164695, 0.20438
0, 458, 0.15747, 0.204666
0, 459, 0.164843, 0.205717
0, 460, 0.161819, 0.206283
0, 461, 0.161886, 0.206977
0, 462, 0.16564, 0.208316
0, 463, 0.165291, 0.208508
0, 464, 0.164719, 0.208598
0, 465, 0.164161, 0.209358
0, 466, 0.166894, 0.209683
0, 467, 0.164715, 0.210592
0, 468, 0.165016, 0.210707
0, 469, 0.167612, 0.211733
0, 470, 0.16764, 0.212445
0, 471, 0.165722, 0.213101
0, 472, 0.165414, 0.213215
0, 473, 0.166417, 0.214211
0, 474, 0.166913, 0.215572
0, 475, 0.166041, 0.216679
0, 476, 0.166926, 0.217141
0, 477, 0.164038, 0.218798
0, 478, 0.168998, 0.219167
0, 479, 0.164866, 0.219593
0, 480, 0.169163, 0.221413
0, 481, 0.164799, 0.228233
0, 482, 0.16872, 0.23148
0, 483, 0.171121, 0.232143
0, 484, 0.167852, 0.23223
0, 485, 0.169534, 0.233544
0, 486, 0.171616, 0.234647
0, 487, 0.170978, 0.236125
0, 488, 0.17055, 0.236452
0, 489, 0.168527, 0.241157
0, 490, 0.171586, 0.242264
0, 491, 0.165002, 0.242446
0, 492, 0.169987, 0.242922
0, 493, 0.171399, 0.243333
0, 494, 0.169393, 0.244175
0, 495, 0.172177, 0.245124
0, 496, 0.173963, 0.247382
0, 497, 0.166508, 0.248116
0, 498, 0.175352, 0.249396
0, 499, 0.170644, 0.252585
0, 500, 0.17515, 0.253012
0, 501, 0.173239, 0.253566
0, 502, 0.1754, 0.254207
0, 503, 0.17414, 0.256049
0, 504, 0.175477, 0.25709
0, 505, 0.177112, 0.258124
0, 506, 0.171704, 0.259875
0, 507, 0.176838, 0.26141
0, 508, 0.178506, 0.261458
0, 509, 0.179297, 0.261746
0, 510, 0.179669, 0.262518
0, 511, 0.176373, 0.263561
0, 512, 0.18081, 0.263934
0, 513, 0.179083, 0.264273
0, 514, 0.180429, 0.273557
0, 515, 0.181222, 0.274922
0, 516, 0.177141, 0.275744
0, 517, 0.181927, 0.276431
0, 518, 0.182167, 0.279586
0, 519, 0.183682, 0.280334
0, 520, 0.18445, 0.280686
0, 521, 0.1822, 0.281671
0, 522, 0.182371, 0.282664
0, 523, 0.182676, 0.283951
0, 524, 0.186619, 0.284527
0, 525, 0.187079, 0.285274
0, 526, 0.186856, 0.286304
0, 527, 0.188385, 0.287878
0, 528, 0.184617, 0.288884
0, 529, 0.188259, 0.291126
0, 530, 0.188691, 0.291857
0, 531, 0.189872, 0.294163
0, 532, 0.191104, 0.299533
0, 533, 0.191601, 0.299811
0, 534, 0.192238, 0.29982
0, 535, 0.193157, 0.300505
0, 536, 0.19494, 0.300712
0, 537, 0.19021, 0.301266
0, 538, 0.193868, 0.301551
0, 539, 0.194486, 0.309347
0, 540, 0.195411, 0.311163
0, 541, 0.19583, 0.311241
0, 542, 0.197434, 0.312054
0, 543, 0.195157, 0.315018
0, 544, 0.198067, 0.315225
0, 545, 0.200004, 0.321445
0, 546, 0.200613, 0.321486
0, 547, 0.200998, 0.32508
0, 548, 0.201753, 0.329614
0, 549, 0.199005, 0.330988
0, 550, 0.203533, 0.342078
0, 551, 0.204124, 0.342768
0, 552, 0.201114, 0.348933
0, 553, 0.202451, 0.35195
0, 554, 0.205244, 0.351986
0, 555, 0.207689, 0.355434
0, 556, 0.209154, 0.356558
0, 557, 0.210864, 0.357685
0, 558, 0.211151, 0.370387
0, 559, 0.210703, 0.370859
0, 560, 0.213517, 0.371482
0, 561, 0.211746, 0.375542
0, 562, 0.213474, 0.377871
0, 563, 0.217558, 0.382201
0, 564, 0.216679, 0.385624
0, 565, 0.215902, 0.385837
0, 566, 0.220706, 0.396128
0, 567, 0.221529, 0.402651
0, 568, 0.222979, 0.403377
0, 569, 0.221979, 0.405155
0, 570, 0.220233, 0.40531
0, 571, 0.226357, 0.412547
0, 572, 0.229086, 0.415752
0, 573, 0.228178, 0.422719
0, 574, 0.230748, 0.439137
0, 575, 0.231912, 0.439275
0, 576, 0.234624, 0.454988
0, 577, 0.232928, 0.45608
0, 578, 0.236294, 0.460326
0, 579, 0.239184, 0.478406
0, 580, 0.241, 0.480336
0, 581, 0.241747, 0.526459
0, 582, 0.2452, 0.52702
0, 583, 0.247911, 0.548279
0, 584, 0.249745, 0.563139
0, 585, 0.252217, 0.592693
0, 586, 0.253519, 0.602205
0, 587, 0.257607, 0.729116
0, 588, 0.262177, 0.749997
0, 589, 0.264456, 0.776247
0, 590, 0.271596, 0.809529
0, 591, 0.273798, 0.9
500, 1, 0.0631192, 0.1
500, 2, 0.0837883, 0.100213
500, 3, 0.0735649, 0.100255
500, 4, 0.0664563, 0.100517
500, 5, 0.0748697, 0.100521
500, 6, 0.0764705, 0.100579
500, 7, 0.0795555, 0.100685
500, 8, 0.0929327, 0.100703
500, 9, 0.0677144, 0.100711
500, 10, 0.0697527, 0.100753
500, 11, 0.0638299, 0.100795
500, 12, 0.0808826, 0.100847
500, 13, 0.125287, 0.100872
500, 14, 0.100883, 0.10088
500, 15, 0.0802184, 0.100928
500, 16, 0.0844414, 0.10094
500, 17, 0.0786475, 0.100944
500, 18, 0.0773205, 0.10127
500, 19, 0.19921, 0.101325
500, 20, 0.0780634, 0.101395
500, 21, 0.101536, 0.101422
500, 22, 0.0797713, 0.101432
500, 23, 0.0776318, 0.101487
500, 24, 0.0839395, 0.101496
500, 25, 0.085008, 0.101678
500, 26, 0.0994119, 0.101683
500, 27, 0.0754999, 0.101886
500, 28, 0.105868, 0.101974
500, 29, 0.0968042, 0.102017
500, 30, 0.0974756, 0.102018
500, 31, 0.0673015, 0.102023
500, 32, 0.0734395, 0.102188
500, 33, 0.0803369, 0.102214
500, 34, 0.103223, 0.10228
500, 35, 0.0830902, 0.102368
500, 36, 0.0745253, 0.102371
500, 37, 0.0988516, 0.102491
500, 38, 0.0847985, 0.102503
500, 39, 0.1048, 0.102544
500, 40, 0.0916826, 0.102594
500, 41, 0.079439, 0.102642
500, 42, 0.0914791, 0.102688
500, 43, 0.0967726, 0.102714
500, 44, 0.0999705, 0.102742
500, 45, 0.0976286, 0.102788
500, 46, 0.0957032, 0.102795
500, 47, 0.0804241, 0.1028
500, 48, 0.0966526, 0.102834
500, 49, 0.101292, 0.102836
500, 50, 0.0939305, 0.10285
500, 51, 0.0767747, 0.102879
500, 52, 0.0998848, 0.10296
500, 53, 0.0898126, 0.102972
500, 54, 0.10366, 0.103075
500, 55, 0.0896664, 0.103135
500, 56, 0.109038, 0.10332
500, 57, 0.116224, 0.103352
500, 58, 0.116239, 0.10342
500, 59, 0.121837, 0.103552
500, 60, 0.119841, 0.103601
500, 61, 0.0896177, 0.103615
500, 62, 0.0882939, 0.103627
500, 63, 0.150302, 0.103673
500, 64, 0.107041, 0.103865
500, 65, 0.121806, 0.103871
500, 66, 0.113524, 0.103974
500, 67, 0.0928985, 0.104014
500, 68, 0.0898986, 0.104041
500, 69, 0.109132, 0.104096
500, 70, 0.101628, 0.1041
500, 71, 0.107839, 0.104163
500, 72, 0.111861, 0.104342
500, 73, 0.0846725, 0.104394
500, 74, 0.0835532, 0.104625
500, 75, 0.130576, 0.104653
500, 76, 0.122681, 0.104708
500, 77, 0.118353, 0.104809
500, 78, 0.108411, 0.104818
500, 79, 0.0847209, 0.104839
500, 80, 0.0920264, 0.104899
500, 81, 0.253597, 0.104922
500, 82, 0.12912, 0.105082
500, 83, 0.0859626, 0.105166
500, 84, 0.112538, 0.10519
500, 85, 0.105434, 0.105235
500, 86, 0.099307, 0.105333
500, 87, 0.123037, 0.105628
500, 88, 0.0924457, 0.105639
500, 89, 0.0961819, 0.105778
500, 90, 0.205936, 0.105927
500, 91, 0.105152, 0.105971
500, 92, 0.139562, 0.106032
500, 93, 0.146794, 0.106136
500, 94, 0.11066, 0.106182
500, 95, 0.13138, 0.106316
500, 96, 0.0976311, 0.106319
500, 97, 0.121366, 0.106337
500, 98, 0.0841599, 0.106356
500, 99, 0.10296, 0.106399
500, 100, 0.101087, 0.106437
500, 101, 0.1343, 0.10644
500, 102, 0.109532, 0.106441
500, 103, 0.104317, 0.10647
500, 104, 0.122881, 0.10672
500, 105, 0.111738, 0.106737
500, 106, 0.109198, 0.106939
500, 107, 0.107131, 0.107022
500, 108, 0.108851, 0.107076
500, 109, 0.130534, 0.1073
500, 110, 0.109128, 0.107431
500, 111, 0.0909668, 0.107558
500, 112, 0.136656, 0.10756
500, 113, 0.128596, 0.107594
500, 114, 0.115432, 0.107607
500, 115, 0.119737, 0.107647
500, 116, 0.120118, 0.10798
500, 117, 0.105992, 0.10816
500, 118, 0.0924214, 0.10816
500, 119, 0.115598, 0.108279
500, 120, 0.115623, 0.108307
500, 121, 0.128737, 0.108428
500, 122, 0.126589, 0.108471
500, 123, 0.101259, 0.108502
500, 124, 0.184647, 0.108541
500, 125, 0.16173, 0.108569
500, 126, 0.126383, 0.108681
500, 127, 0.145417, 0.108747
500, 128, 0.113296, 0.108759
500, 129, 0.141532, 0.108793
500, 130, 0.117018, 0.108818
500, 131, 0.108723, 0.108836
500, 132, 0.117612, 0.10893
500, 133, 0.145807, 0.108992
500, 134, 0.123856, 0.109071
500, 135, 0.0976587, 0.1091
500, 136, 0.146612, 0.10922
500, 137, 0.119455, 0.109393
500, 138, 0.107469, 0.10951
500, 139, 0.12187, 0.109569
500, 140, 0.101707, 0.109683
500, 141, 0.144144, 0.109808
500, 142, 0.13614, 0.109821
500, 143, 0.107979, 0.109878
500, 144, 0.131617, 0.109967
500, 145, 0.108119, 0.110144
500, 146, 0.226687, 0.11021
500, 147, 0.114505, 0.110242
500, 148, 0.114908, 0.110297
500, 149, 0.116246, 0.110298
500, 150, 0.09212, 0.110344
500, 151, 0.135138, 0.110357
500, 152, 0.107791, 0.110405
500, 153, 0.11828, 0.110644
500, 154, 0.10107, 0.11065
500, 155, 0.120365, 0.110757
500, 156, 0.0958242, 0.110769
500, 157, 0.11206, 0.110822
500, 158, 0.111655, 0.110851
500, 159, 0.121118, 0.110987
500, 160, 0.205682, 0.11103
500, 161, 0.125591, 0.111036
500, 162, 0.107214, 0.111186
500, 163, 0.134397, 0.111223
500, 164, 0.156868, 0.111313
500, 165, 0.152151, 0.11132
500, 166, 0.105805, 0.111496
500, 167, 0.150412, 0.111622
500, 168, 0.108971, 0.111641
500, 169, 0.122702, 0.111744
500, 170, 0.147279, 0.111832
500, 171, 0.101651, 0.111975
500, 172, 0.202134, 0.112046
500, 173, 0.109394, 0.112157
500, 174, 0.104587, 0.112157
500, 175, 0.161627, 0.112175
500, 176, 0.128828, 0.112199
500, 177, 0.2011, 0.112201
500, 178, 0.119996, 0.112265
500, 179, 0.181655, 0.112265
500, 180, 0.162338, 0.112726
500, 181, 0.105182, 0.112738
500, 182, 0.157693, 0.112784
500, 183, 0.129771, 0.11295
500, 184, 0.188262, 0.113029
500, 185, 0.222073, 0.113066
500, 186, 0.108791, 0.113107
500, 187, 0.132578, 0.113205
500, 188, 0.0969575, 0.113266
500, 189, 0.126008, 0.113297
500, 190, 0.136646, 0.113298
500, 191, 0.159884, 0.113403
500, 192, 0.135267, 0.113417
500, 193, 0.111886, 0.113424
500, 194, 0.121722, 0.113777
500, 195, 0.12097, 0.114374
500, 196, 0.164444, 0.114844
500, 197, 0.110104, 0.114916
500, 198, 0.128156, 0.115105
500, 199, 0.221994, 0.115134
500, 200, 0.19339, 0.115278
500, 201, 0.128912, 0.115289
500, 202, 0.143721, 0.115306
500, 203, 0.126526, 0.115641
500, 204, 0.123087, 0.115925
500, 205, 0.218727, 0.11604
500, 206, 0.162199, 0.116288
500, 207, 0.147259, 0.116375
500, 208, 0.103132, 0.117135
500, 209, 0.114143, 0.117294
500, 210, 0.146058, 0.117316
500, 211, 0.146017, 0.117409
500, 212, 0.133624, 0.117454
500, 213, 0.147254, 0.117498
500, 214, 0.122068, 0.117517
500, 215, 0.131135, 0.117534
500, 216, 0.144648, 0.117986
500, 217, 0.130595, 0.118141
500, 218, 0.184898, 0.118342
500, 219, 0.155581, 0.118588
500, 220, 0.109903, 0.118592
500, 221, 0.138901, 0.118788
500, 222, 0.196883, 0.119677
500, 223, 0.172522, 0.119726
500, 224, 0.127795, 0.119817
500, 225, 0.166179, 0.120077
500, 226, 0.13501, 0.120597
500, 227, 0.178457, 0.120945
500, 228, 0.135099, 0.121157
500, 229, 0.134625, 0.121467
500, 230, 0.106207, 0.121509
500, 231, 0.137301, 0.121901
500, 232, 0.123154, 0.121994
500, 233, 0.170137, 0.122009
500, 234, 0.114837, 0.122349
500, 235, 0.130772, 0.122448
500, 236, 0.171626, 0.122459
500, 237, 0.0963673, 0.122534
500, 238, 0.150423, 0.12269
500, 239, 0.154747, 0.122916
500, 240, 0.165114, 0.123425
500, 241, 0.146689, 0.123708
500, 242, 0.165991, 0.123852
500, 243, 0.130735, 0.123922
500, 244, 0.169655, 0.123991
500, 245, 0.151584, 0.123998
500, 246, 0.118963, 0.124178
500, 247, 0.118551, 0.12437
500, 248, 0.0990629, 0.124564
500, 249, 0.179208, 0.124642
500, 250, 0.137301, 0.124815
500, 251, 0.18763, 0.125122
500, 252, 0.168755, 0.125164
500, 253, 0.142716, 0.12537
500, 254, 0.16855, 0.125408
500, 255, 0.114443, 0.125869
500, 256, 0.129419, 0.126031
500, 257, 0.195088, 0.126728
500, 258, 0.165022, 0.127565
500, 259, 0.17149, 0.127665
500, 260, 0.155352, 0.12775
500, 261, 0.159529, 0.128303
500, 262, 0.128366, 0.128556
500, 263, 0.171091, 0.128676
500, 264, 0.110689, 0.129015
500, 265, 0.104704, 0.129059
500, 266, 0.107741, 0.129224
500, 267, 0.130351, 0.129347
500, 268, 0.157146, 0.129356
500, 269, 0.148055, 0.129448
500, 270, 0.140376, 0.129587
500, 271, 0.181214, 0.129652
500, 272, 0.0952586, 0.129674
500, 273, 0.192125, 0.129706
500, 274, 0.134039, 0.13003
500, 275, 0.159949, 0.130042
500, 276, 0.160577, 0.130095
500, 277, 0.113439, 0.130121
500, 278, 0.186441, 0.13032
500, 279, 0.157143, 0.130701
500, 280, 0.190296, 0.130827
500, 281, 0.198817, 0.130914
500, 282, 0.145875, 0.130983
500, 283, 0.11339, 0.131306
500, 284, 0.225797, 0.131418
500, 285, 0.12601, 0.131539
500, 286, 0.136826, 0.132348
500, 287, 0.124321, 0.132361
500, 288, 0.14831, 0.132428
500, 289, 0.124246, 0.132457
500, 290, 0.219741, 0.132854
500, 291, 0.181317, 0.133635
500, 292, 0.176446, 0.133655
500, 293, 0.134886, 0.133812
500, 294, 0.151985, 0.134683
500, 295, 0.145125, 0.134751
500, 296, 0.135103, 0.134974
500, 297, 0.115524, 0.135121
500, 298, 0.1397, 0.135336
500, 299, 0.134931, 0.135639
500, 300, 0.215079, 0.136267
500, 301, 0.125573, 0.136412
500, 302, 0.125117, 0.136522
500, 303, 0.131392, 0.136585
500, 304, 0.143903, 0.13667
500, 305, 0.134243, 0.136937
500, 306, 0.166486, 0.137319
500, 307, 0.212112, 0.137327
500, 308, 0.164045, 0.137429
500, 309, 0.142319, 0.138783
500, 310, 0.172746, 0.138898
500, 311, 0.135623, 0.138922
500, 312, 0.164171, 0.138988
500, 313, 0.132415, 0.139162
500, 314, 0.135564, 0.139528
500, 315, 0.121004, 0.139623
500, 316, 0.153456, 0.140005
500, 317, 0.107726, 0.140119
500, 318, 0.184496, 0.140196
500, 319, 0.145686, 0.140325
500, 320, 0.16795, 0.140505
500, 321, 0.192638, 0.140705
500, 322, 0.18075, 0.140902
500, 323, 0.134658, 0.141417
500, 324, 0.191554, 0.141521
500, 325, 0.122613, 0.14182
500, 326, 0.15521, 0.142323
500, 327, 0.175251, 0.142718
500, 328, 0.1681, 0.1432
500, 329, 0.161433, 0.143354
500, 330, 0.157695, 0.143356
500, 331, 0.195396, 0.143503
500, 332, 0.141534, 0.144443
500, 333, 0.118778, 0.145047
500, 334, 0.17288, 0.145452
500, 335, 0.115399, 0.145826
500, 336, 0.151177, 0.145976
500, 337, 0.143291, 0.146468
500, 338, 0.110558, 0.146523
500, 339, 0.130044, 0.147185
500, 340, 0.188604, 0.14751
500, 341, 0.127668, 0.147888
500, 342, 0.167389, 0.147996
500, 343, 0.175824, 0.148135
500, 344, 0.203929, 0.14821
500, 345, 0.168212, 0.148532
500, 346, 0.117159, 0.148727
500, 347, 0.161704, 0.148817
500, 348, 0.132621, 0.14934
500, 349, 0.179242, 0.149623
500, 350, 0.138978, 0.149737
500, 351, 0.17899, 0.150383
500, 352, 0.132218, 0.150536
500, 353, 0.133974, 0.151046
500, 354, 0.120623, 0.151188
500, 355, 0.161836, 0.151232
500, 356, 0.206927, 0.151299
500, 357, 0.152182, 0.151442
500, 358, 0.156155, 0.151972
500, 359, 0.125239, 0.151993
500, 360, 0.131096, 0.152263
500, 361, 0.163817, 0.153149
500, 362, 0.192092, 0.153564
500, 363, 0.145566, 0.154023
500, 364, 0.146777, 0.154206
500, 365, 0.197645, 0.154268
500, 366, 0.120989, 0.154803
500, 367, 0.128389, 0.155542
500, 368, 0.16901, 0.156162
500, 369, 0.191795, 0.156408
500, 370, 0.124163, 0.156657
500, 371, 0.183214, 0.156925
500, 372, 0.157257, 0.157134
500, 373, 0.107439, 0.157499
500, 374, 0.157254, 0.15774
500, 375, 0.177149, 0.158264
500, 376, 0.120524, 0.158419
500, 377, 0.220013, 0.158422
500, 378, 0.184711, 0.15934
500, 379, 0.188689, 0.160313
500, 380, 0.146562, 0.161236
500, 381, 0.250083, 0.162441
500, 382, 0.172504, 0.162481
500, 383, 0.147716, 0.16288
500, 384, 0.160951, 0.162925
500, 385, 0.130179, 0.163074
500, 386, 0.166564, 0.164368
500, 387, 0.156464, 0.164462
500, 388, 0.270655, 0.164687
500, 389, 0.208403, 0.164895
500, 390, 0.141082, 0.164897
500, 391, 0.19721, 0.16507
500, 392, 0.211267, 0.165144
500, 393, 0.130629, 0.165381
500, 394, 0.1147, 0.165846
500, 395, 0.213928, 0.166689
500, 396, 0.154817, 0.166743
500, 397, 0.15996, 0.166745
500, 398, 0.167232, 0.166813
500, 399, 0.174259, 0.167282
500, 400, 0.152889, 0.167755
500, 401, 0.195111, 0.167797
500, 402, 0.229238, 0.168685
500, 403, 0.16855, 0.168939
500, 404, 0.156339, 0.169073
500, 405, 0.143189, 0.170201
500, 406, 0.174845, 0.170473
500, 407, 0.160933, 0.172093
500, 408, 0.169452, 0.172616
500, 409, 0.162718, 0.172843
500, 410, 0.205744, 0.173157
500, 411, 0.174839, 0.174649
500, 412, 0.172058, 0.175354
500, 413, 0.19562, 0.176001
500, 414, 0.158894, 0.177113
500, 415, 0.154012, 0.177498
500, 416, 0.207167, 0.178732
500, 417, 0.207008, 0.178827
500, 418, 0.233963, 0.178938
500, 419, 0.160599, 0.180858
500, 420, 0.206222, 0.1811
500, 421, 0.154281, 0.181165
500, 422, 0.194911, 0.181266
500, 423, 0.237194, 0.18155
500, 424, 0.181579, 0.181858
500, 425, 0.135961, 0.181997
500, 426, 0.190202, 0.184193
500, 427, 0.125385, 0.184395
500, 428, 0.200048, 0.184531
500, 429, 0.176004, 0.185918
500, 430, 0.185729, 0.186049
500, 431, 0.186131, 0.186072
500, 432, 0.173691, 0.186367
500, 433, 0.203643, 0.188267
500, 434, 0.127501, 0.189598
500, 435, 0.203971, 0.189618
500, 436, 0.175037, 0.190445
500, 437, 0.277421, 0.190725
500, 438, 0.17436, 0.192397
500, 439, 0.228629, 0.192442
500, 440, 0.165466, 0.194558
500, 441, 0.186069, 0.194727
500, 442, 0.145766, 0.194746
500, 443, 0.169995, 0.194747
500, 444, 0.194506, 0.194951
500, 445, 0.285674, 0.195511
500, 446, 0.191585, 0.19565
500, 447, 0.227985, 0.195861
500, 448, 0.187757, 0.196229
500, 449, 0.143833, 0.197017
500, 450, 0.151639, 0.198531
500, 451, 0.168727, 0.19893
500, 452, 0.177248, 0.199012
500, 453, 0.196589, 0.1994
500, 454, 0.297646, 0.199765
500, 455, 0.17929, 0.200233
500, 456, 0.181537, 0.204047
500, 457, 0.163794, 0.20438
500, 458, 0.295716, 0.204666
500, 459, 0.172818, 0.205717
500, 460, 0.17387, 0.206283
500, 461, 0.169442, 0.206977
500, 462, 0.178003, 0.208316
500, 463, 0.236475, 0.208508
500, 464, 0.178489, 0.208598
500, 465, 0.228176, 0.209358
500, 466, 0.346658, 0.209683
500, 467, 0.176403, 0.210592
500, 468, 0.152544, 0.210707
500, 469, 0.207695, 0.211733
500, 470, 0.224221, 0.212445
500, 471, 0.194446, 0.213101
500, 472, 0.274738, 0.213215
500, 473, 0.198161, 0.214211
500, 474, 0.216808, 0.215572
500, 475, 0.173846, 0.216679
500, 476, 0.315149, 0.217141
500, 477, 0.146753, 0.218798
500, 478, 0.464544, 0.219167
500, 479, 0.184669, 0.219593
500, 480, 0.121006, 0.221413
500, 481, 0.158214, 0.228233
500, 482, 0.185908, 0.23148
500, 483, 0.287404, 0.232143
500, 484, 0.176796, 0.23223
500, 485, 0.357356, 0.233544
500, 486, 0.258484, 0.234647
500, 487, 0.250738, 0.236125
500, 488, 0.20185, 0.236452
500, 489, 0.190933, 0.241157
500, 490, 0.197004, 0.242264
500, 491, 0.224608, 0.242446
500, 492, 0.180552, 0.242922
500, 493, 0.177018, 0.243333
500, 494, 0.210824, 0.244175
500, 495, 0.194122, 0.245124
500, 496, 0.424112, 0.247382
500, 497, 0.19029, 0.248116
500, 498, 0.230096, 0.249396
500, 499, 0.287137, 0.252585
500, 500, 0.170561, 0.253012
500, 501, 0.220596, 0.253566
500, 502, 0.209343, 0.254207
500, 503, 0.200488, 0.256049
500, 504, 0.176072, 0.25709
500, 505, 0.270582, 0.258124
500, 506, 0.217445, 0.259875
500, 507, 0.214903, 0.26141
500, 508, 0.219955, 0.261458
500, 509, 0.232045, 0.261746
500, 510, 0.222572, 0.262518
500, 511, 0.269346, 0.263561
500, 512, 0.293226, 0.263934
500, 513, 0.230477, 0.264273
500, 514, 0.305489, 0.273557
500, 515, 0.207282, 0.274922
500, 516, 0.195176, 0.275744
500, 517, 0.264626, 0.276431
500, 518, 0.314397, 0.279586
500, 519, 0.422607, 0.280334
500, 520, 0.2444, 0.280686
500, 521, 0.204829, 0.281671
500, 522, 0.243225, 0.282664
500, 523, 0.180329, 0.283951
500, 524, 0.219063, 0.284527
500, 525, 0.236151, 0.285274
500, 526, 0.22745, 0.286304
500, 527, 0.286257, 0.287878
500, 528, 0.147384, 0.288884
500, 529, 0.222077, 0.291126
500, 530, 0.256323, 0.291857
500, 531, 0.246047, 0.294163
500, 532, 0.312703, 0.299533
500, 533, 0.234256, 0.299811
500, 534, 0.261796, 0.29982
500, 535, 0.280664, 0.300505
500, 536, 0.254502, 0.300712
500, 537, 0.203797, 0.301266
500, 538, 0.265457, 0.301551
500, 539, 0.253253, 0.309347
500, 540, 0.245628, 0.311163
500, 541, 0.251773, 0.311241
500, 542, 0.25612, 0.312054
500, 543, 0.22052, 0.315018
500, 544, 0.260975, 0.315225
500, 545, 0.348905, 0.321445
500, 546, 0.290946, 0.321486
500, 547, 0.242927, 0.32508
500, 548, 0.43898, 0.329614
500, 549, 0.225176, 0.330988
500, 550, 0.285517, 0.342078
500, 551, 0.233811, 0.342768
500, 552, 0.284686, 0.348933
500, 553, 0.233874, 0.35195
500, 554, 0.346692, 0.351986
500, 555, 0.311973, 0.355434
500, 556, 0.544748, 0.356558
500, 557, 0.324125, 0.357685
500, 558, 0.261487, 0.370387
500, 559, 0.281494, 0.370859
500, 560, 0.648334, 0.371482
500, 561, 0.266834, 0.375542
500, 562, 0.219663, 0.377871
500, 563, 0.290811, 0.382201
500, 564, 0.263539, 0.385624
500, 565, 0.397542, 0.385837
500, 566, 0.295013, 0.396128
500, 567, 0.322513, 0.402651
500, 568, 0.456453, 0.403377
500, 569, 0.352266, 0.405155
500, 570, 0.255287, 0.40531
500, 571, 0.497052, 0.412547
500, 572, 0.371303, 0.415752
500, 573, 0.313874, 0.422719
500, 574, 0.569053, 0.439137
500, 575, 0.415498, 0.439275
500, 576, 0.307028, 0.454988
500, 577, 0.297373, 0.45608
500, 578, 0.34799, 0.460326
500, 579, 0.30946, 0.478406
500, 580, 0.599062, 0.480336
500, 581, 0.357002, 0.526459
500, 582, 0.664898, 0.52702
500, 583, 0.472504, 0.548279
500, 584, 0.41862, 0.563139
500, 585, 0.527399, 0.592693
500, 586, 0.365636, 0.602205
500, 587, 0.642494, 0.729116
500, 588, 0.571574, 0.749997
500, 589, 0.608091, 0.776247
500, 590, 0.473931, 0.809529
500, 591, 0.665399, 0.9
1000, 1, 0.0614474, 0.1
1000, 2, 0.0819125, 0.100213
1000, 3, 0.0717727, 0.100255
1000, 4, 0.064829, 0.100517
1000, 5, 0.0722978, 0.100521
1000, 6, 0.0749278, 0.100579
1000, 7, 0.0775647, 0.100685
1000, 8, 0.0901474, 0.100703
1000, 9, 0.0660658, 0.100711
1000, 10, 0.0678367, 0.100753
1000, 11, 0.0617971, 0.100795
1000, 12, 0.0794992, 0.100847
1000, 13, 0.122098, 0.100872
1000, 14, 0.0995857, 0.10088
1000, 15, 0.0797018, 0.100928
1000, 16, 0.0819121, 0.10094
1000, 17, 0.0771749, 0.100944
1000, 18, 0.0753743, 0.10127
1000, 19, 0.194639, 0.101325
1000, 20, 0.0773858, 0.101395
1000, 21, 0.100358, 0.101422
1000, 22, 0.0775332, 0.101432
1000, 23, 0.0762341, 0.101487
1000, 24, 0.0822703, 0.101496
1000, 25, 0.0832224, 0.101678
1000, 26, 0.0970193, 0.101683
1000, 27, 0.0742577, 0.101886
1000, 28, 0.103181, 0.101974
1000, 29, 0.0946465, 0.102017
1000, 30, 0.0962134, 0.102018
1000, 31, 0.0654959, 0.102023
1000, 32, 0.0710188, 0.102188
1000, 33, 0.0786745, 0.102214
1000, 34, 0.100522, 0.10228
1000, 35, 0.0810569, 0.102368
1000, 36, 0.0738961, 0.102371
1000, 37, 0.0963963, 0.102491
1000, 38, 0.084256, 0.102503
1000, 39, 0.103905, 0.102544
1000, 40, 0.0890137, 0.102594
1000, 41, 0.0776656, 0.102642
1000, 42, 0.0891155, 0.102688
1000, 43, 0.0950567, 0.102714
1000, 44, 0.0997195, 0.102742
1000, 45, 0.0951676, 0.102788
1000, 46, 0.0941112, 0.102795
1000, 47, 0.0782961, 0.1028
1000, 48, 0.0944189, 0.102834
1000, 49, 0.0977607, 0.102836
1000, 50, 0.0915136, 0.10285
1000, 51, 0.0745498, 0.102879
1000, 52, 0.0976832, 0.10296
1000, 53, 0.0870667, 0.102972
1000, 54, 0.101346, 0.103075
1000, 55, 0.0880095, 0.103135
1000, 56, 0.107002, 0.10332
1000, 57, 0.114248, 0.103352
1000, 58, 0.113615, 0.10342
1000, 59, 0.119792, 0.103552
1000, 60, 0.118808, 0.103601
1000, 61, 0.0876224, 0.103615
1000, 62, 0.086289, 0.103627
1000, 63, 0.145674, 0.103673
1000, 64, 0.103783, 0.103865
1000, 65, 0.119442, 0.103871
1000, 66, 0.111998, 0.103974
1000, 67, 0.0913741, 0.104014
1000, 68, 0.0889177, 0.104041
1000, 69, 0.108396, 0.104096
1000, 70, 0.0989722, 0.1041
1000, 71, 0.105126, 0.104163
1000, 72, 0.10966, 0.104342
1000, 73, 0.0826408, 0.104394
1000, 74, 0.0826223, 0.104625
1000, 75, 0.127566, 0.104653
1000, 76, 0.118778, 0.104708
1000, 77, 0.115222, 0.104809
1000, 78, 0.107708, 0.104818
1000, 79, 0.0776595, 0.104839
1000, 80, 0.09056, 0.104899
1000, 81, 0.246096, 0.104922
1000, 82, 0.12601, 0.105082
1000, 83, 0.0855099, 0.105166
1000, 84, 0.111601, 0.10519
1000, 85, 0.104304, 0.105235
1000, 86, 0.0976207, 0.105333
1000, 87, 0.122924, 0.105628
1000, 88, 0.0914181, 0.105639
1000, 89, 0.095661, 0.105778
1000, 90, 0.203092, 0.105927
1000, 91, 0.10449, 0.105971
1000, 92, 0.135243, 0.106032
1000, 93, 0.145935, 0.106136
1000, 94, 0.109855, 0.106182
1000, 95, 0.130138, 0.106316
1000, 96, 0.0976315, 0.106319
1000, 97, 0.120331, 0.106337
1000, 98, 0.0824452, 0.106356
1000, 99, 0.101469, 0.106399
1000, 100, 0.100102, 0.106437
1000, 101, 0.130522, 0.10644
1000, 102, 0.107679, 0.106441
1000, 103, 0.10339, 0.10647
1000, 104, 0.120919, 0.10672
1000, 105, 0.109898, 0.106737
1000, 106, 0.107391, 0.106939
1000, 107, 0.105565, 0.107022
1000, 108, 0.106446, 0.107076
1000, 109, 0.127844, 0.1073
1000, 110, 0.108817, 0.107431
1000, 111, 0.0898723, 0.107558
1000, 112, 0.134327, 0.10756
1000, 113, 0.12533, 0.107594
1000, 114, 0.113276, 0.107607
1000, 115, 0.118002, 0.107647
1000, 116, 0.119289, 0.10798
1000, 117, 0.104673, 0.10816
1000, 118, 0.0903984, 0.10816
1000, 119, 0.116169, 0.108279
1000, 120, 0.116269, 0.108307
1000, 121, 0.127507, 0.108428
1000, 122, 0.124369, 0.108471
1000, 123, 0.100009, 0.108502
1000, 124, 0.183415, 0.108541
1000, 125, 0.159248, 0.108569
1000, 126, 0.125162, 0.108681
1000, 127, 0.141532, 0.108747
1000, 128, 0.111512, 0.108759
1000, 129, 0.140372, 0.108793
1000, 130, 0.116214, 0.108818
1000, 131, 0.107922, 0.108836
1000, 132, 0.115687, 0.10893
1000, 133, 0.145, 0.108992
1000, 134, 0.121856, 0.109071
1000, 135, 0.0970542, 0.1091
1000, 136, 0.14512, 0.10922
1000, 137, 0.119401, 0.109393
1000, 138, 0.106532, 0.10951
1000, 139, 0.120967, 0.109569
1000, 140, 0.101063, 0.109683
1000, 141, 0.140165, 0.109808
1000, 142, 0.132196, 0.109821
1000, 143, 0.106596, 0.109878
1000, 144, 0.128594, 0.109967
1000, 145, 0.107622, 0.110144
1000, 146, 0.223619, 0.11021
1000, 147, 0.112783, 0.110242
1000, 148, 0.113973, 0.110297
1000, 149, 0.116785, 0.110298
1000, 150, 0.0915888, 0.110344
1000, 151, 0.131675, 0.110357
1000, 152, 0.105731, 0.110405
1000, 153, 0.117903, 0.110644
1000, 154, 0.100453, 0.11065
1000, 155, 0.119687, 0.110757
1000, 156, 0.0939437, 0.110769
1000, 157, 0.11151, 0.110822
1000, 158, 0.110222, 0.110851
1000, 159, 0.121087, 0.110987
1000, 160, 0.203218, 0.11103
1000, 161, 0.124302, 0.111036
1000, 162, 0.104221, 0.111186
1000, 163, 0.133012, 0.111223
1000, 164, 0.156362, 0.111313
1000, 165, 0.150131, 0.11132
1000, 166, 0.104285, 0.111496
1000, 167, 0.149415, 0.111622
1000, 168, 0.108042, 0.111641
1000, 169, 0.122174, 0.111744
1000, 170, 0.149178, 0.111832
1000, 171, 0.101163, 0.111975
1000, 172, 0.195906, 0.112046
1000, 173, 0.109294, 0.112157
1000, 174, 0.104625, 0.112157
1000, 175, 0.164013, 0.112175
1000, 176, 0.130392, 0.112199
1000, 177, 0.19683, 0.112201
1000, 178, 0.118007, 0.112265
1000, 179, 0.176925, 0.112265
1000, 180, 0.15973, 0.112726
1000, 181, 0.105843, 0.112738
1000, 182, 0.155061, 0.112784
1000, 183, 0.129047, 0.11295
1000, 184, 0.179486, 0.113029
1000, 185, 0.219628, 0.113066
1000, 186, 0.109212, 0.113107
1000, 187, 0.130606, 0.113205
1000, 188, 0.0972177, 0.113266
1000, 189, 0.125945, 0.113297
1000, 190, 0.140034, 0.113298
1000, 191, 0.156875, 0.113403
1000, 192, 0.132744, 0.113417
1000, 193, 0.111547, 0.113424
1000, 194, 0.12392, 0.113777
1000, 195, 0.120786, 0.114374
1000, 196, 0.163991, 0.114844
1000, 197, 0.110093, 0.114916
1000, 198, 0.125162, 0.115105
1000, 199, 0.219332, 0.115134
1000, 200, 0.186687, 0.115278
1000, 201, 0.129459, 0.115289
1000, 202, 0.142197, 0.115306
1000, 203, 0.124709, 0.115641
1000, 204, 0.123229, 0.115925
1000, 205, 0.220719, 0.11604
1000, 206, 0.160759, 0.116288
1000, 207, 0.146494, 0.116375
1000, 208, 0.102808, 0.117135
1000, 209, 0.11458, 0.117294
1000, 210, 0.145603, 0.117316
1000, 211, 0.145684, 0.117409
1000, 212, 0.1356, 0.117454
1000, 213, 0.14654, 0.117498
1000, 214, 0.123015, 0.117517
1000, 215, 0.133157, 0.117534
1000, 216, 0.141612, 0.117986
1000, 217, 0.130296, 0.118141
1000, 218, 0.178724, 0.118342
1000, 219, 0.153579, 0.118588
1000, 220, 0.111748, 0.118592
1000, 221, 0.138649, 0.118788
1000, 222, 0.19133, 0.119677
1000, 223, 0.17043, 0.119726
1000, 224, 0.125839, 0.119817
1000, 225, 0.164785, 0.120077
1000, 226, 0.136756, 0.120597
1000, 227, 0.174401, 0.120945
1000, 228, 0.131864, 0.121157
1000, 229, 0.134562, 0.121467
1000, 230, 0.107434, 0.121509
1000, 231, 0.137262, 0.121901
1000, 232, 0.124518, 0.121994
1000, 233, 0.170233, 0.122009
1000, 234, 0.115266, 0.122349
1000, 235, 0.129701, 0.122448
1000, 236, 0.168461, 0.122459
1000, 237, 0.097574, 0.122534
1000, 238, 0.15118, 0.12269
1000, 239, 0.157543, 0.122916
1000, 240, 0.164328, 0.123425
1000, 241, 0.147972, 0.123708
1000, 242, 0.161687, 0.123852
1000, 243, 0.1312, 0.123922
1000, 244, 0.166615, 0.123991
1000, 245, 0.150869, 0.123998
1000, 246, 0.118567, 0.124178
1000, 247, 0.119049, 0.12437
1000, 248, 0.100823, 0.124564
1000, 249, 0.174353, 0.124642
1000, 250, 0.135806, 0.124815
1000, 251, 0.184815, 0.125122
1000, 252, 0.166022, 0.125164
1000, 253, 0.142472, 0.12537
1000, 254, 0.167654, 0.125408
1000, 255, 0.11551, 0.125869
1000, 256, 0.128096, 0.126031
1000, 257, 0.190459, 0.126728
1000, 258, 0.160715, 0.127565
1000, 259, 0.168951, 0.127665
1000, 260, 0.153397, 0.12775
1000, 261, 0.161183, 0.128303
1000, 262, 0.130471, 0.128556
1000, 263, 0.170565, 0.128676
1000, 264, 0.111565, 0.129015
1000, 265, 0.104369, 0.129059
1000, 266, 0.108877, 0.129224
1000, 267, 0.131982, 0.129347
1000, 268, 0.156886, 0.129356
1000, 269, 0.146103, 0.129448
1000, 270, 0.141157, 0.129587
1000, 271, 0.181002, 0.129652
1000, 272, 0.0952882, 0.129674
1000, 273, 0.195272, 0.129706
1000, 274, 0.135095, 0.13003
1000, 275, 0.162775, 0.130042
1000, 276, 0.157366, 0.130095
1000, 277, 0.113575, 0.130121
1000, 278, 0.180838, 0.13032
1000, 279, 0.162691, 0.130701
1000, 280, 0.193781, 0.130827
1000, 281, 0.196212, 0.130914
1000, 282, 0.148264, 0.130983
1000, 283, 0.114338, 0.131306
1000, 284, 0.220616, 0.131418
1000, 285, 0.124622, 0.131539
1000, 286, 0.135504, 0.132348
1000, 287, 0.124303, 0.132361
1000, 288, 0.148727, 0.132428
1000, 289, 0.126078, 0.132457
1000, 290, 0.223997, 0.132854
1000, 291, 0.179858, 0.133635
1000, 292, 0.169943, 0.133655
1000, 293, 0.136981, 0.133812
1000, 294, 0.122917, 0.134683
1000, 295, 0.147474, 0.134751
1000, 296, 0.136106, 0.134974
1000, 297, 0.115727, 0.135121
1000, 298, 0.138018, 0.135336
1000, 299, 0.136524, 0.135639
1000, 300, 0.218724, 0.136267
1000, 301, 0.126433, 0.136412
1000, 302, 0.127208, 0.136522
1000, 303, 0.130966, 0.136585
1000, 304, 0.145194, 0.13667
1000, 305, 0.136226, 0.136937
1000, 306, 0.169069, 0.137319
1000, 307, 0.2174, 0.137327
1000, 308, 0.162261, 0.137429
1000, 309, 0.141393, 0.138783
1000, 310, 0.175218, 0.138898
1000, 311, 0.137732, 0.138922
1000, 312, 0.163042, 0.138988
1000, 313, 0.131874, 0.139162
1000, 314, 0.134734, 0.139528
1000, 315, 0.121835, 0.139623
1000, 316, 0.1528, 0.140005
1000, 317, 0.109565, 0.140119
1000, 318, 0.180292, 0.140196
1000, 319, 0.148266, 0.140325
1000, 320, 0.16789, 0.140505
1000, 321, 0.187118, 0.140705
1000, 322, 0.175385, 0.140902
1000, 323, 0.135197, 0.141417
1000, 324, 0.189764, 0.141521
1000, 325, 0.123311, 0.14182
1000, 326, 0.151454, 0.142323
1000, 327, 0.173238, 0.142718
1000, 328, 0.16691, 0.1432
1000, 329, 0.163957, 0.143354
1000, 330, 0.15426, 0.143356
1000, 331, 0.193409, 0.143503
1000, 332, 0.136952, 0.144443
1000, 333, 0.119195, 0.145047
1000, 334, 0.170023, 0.145452
1000, 335, 0.116831, 0.145826
1000, 336, 0.154615, 0.145976
1000, 337, 0.146522, 0.146468
1000, 338, 0.111168, 0.146523
1000, 339, 0.12871, 0.147185
1000, 340, 0.188698, 0.14751
1000, 341, 0.127749, 0.147888
1000, 342, 0.166159, 0.147996
1000, 343, 0.174483, 0.148135
1000, 344, 0.192054, 0.14821
1000, 345, 0.164084, 0.148532
1000, 346, 0.118862, 0.148727
1000, 347, 0.16191, 0.148817
1000, 348, 0.132292, 0.14934
1000, 349, 0.179385, 0.149623
1000, 350, 0.141464, 0.149737
1000, 351, 0.184776, 0.150383
1000, 352, 0.130596, 0.150536
1000, 353, 0.132671, 0.151046
1000, 354, 0.11922, 0.151188
1000, 355, 0.157235, 0.151232
1000, 356, 0.207852, 0.151299
1000, 357, 0.150099, 0.151442
1000, 358, 0.153106, 0.151972
1000, 359, 0.126907, 0.151993
1000, 360, 0.135012, 0.152263
1000, 361, 0.15883, 0.153149
1000, 362, 0.187742, 0.153564
1000, 363, 0.147879, 0.154023
1000, 364, 0.132448, 0.154206
1000, 365, 0.19959, 0.154268
1000, 366, 0.122345, 0.154803
1000, 367, 0.13071, 0.155542
1000, 368, 0.169469, 0.156162
1000, 369, 0.190825, 0.156408
1000, 370, 0.124466, 0.156657
1000, 371, 0.181836, 0.156925
1000, 372, 0.15587, 0.157134
1000, 373, 0.108164, 0.157499
1000, 374, 0.153909, 0.15774
1000, 375, 0.176983, 0.158264
1000, 376, 0.121352, 0.158419
1000, 377, 0.225265, 0.158422
1000, 378, 0.184019, 0.15934
1000, 379, 0.187052, 0.160313
1000, 380, 0.15007, 0.161236
1000, 381, 0.257215, 0.162441
1000, 382, 0.168738, 0.162481
1000, 383, 0.147967, 0.16288
1000, 384, 0.158026, 0.162925
1000, 385, 0.131087, 0.163074
1000, 386, 0.16689, 0.164368
1000, 387, 0.157507, 0.164462
1000, 388, 0.27713, 0.164687
1000, 389, 0.20801, 0.164895
1000, 390, 0.142454, 0.164897
1000, 391, 0.195299, 0.16507
1000, 392, 0.200698, 0.165144
1000, 393, 0.131664, 0.165381
1000, 394, 0.114264, 0.165846
1000, 395, 0.220342, 0.166689
1000, 396, 0.155122, 0.166743
1000, 397, 0.157155, 0.166745
1000, 398, 0.167087, 0.166813
1000, 399, 0.174849, 0.167282
1000, 400, 0.15747, 0.167755
1000, 401, 0.196069, 0.167797
1000, 402, 0.218873, 0.168685
1000, 403, 0.172004, 0.168939
1000, 404, 0.154681, 0.169073
1000, 405, 0.144791, 0.170201
1000, 406, 0.171919, 0.170473
1000, 407, 0.160427, 0.172093
1000, 408, 0.170604, 0.172616
1000, 409, 0.160124, 0.172843
1000, 410, 0.203802, 0.173157
1000, 411, 0.174828, 0.174649
1000, 412, 0.173745, 0.175354
1000, 413, 0.195092, 0.176001
1000, 414, 0.159995, 0.177113
1000, 415, 0.156149, 0.177498
1000, 416, 0.21032, 0.178732
1000, 417, 0.212602, 0.178827
1000, 418, 0.235136, 0.178938
1000, 419, 0.161283, 0.180858
1000, 420, 0.204059, 0.1811
1000, 421, 0.156676, 0.181165
1000, 422, 0.196554, 0.181266
1000, 423, 0.237736, 0.18155
1000, 424, 0.179814, 0.181858
1000, 425, 0.135465, 0.181997
1000, 426, 0.193254, 0.184193
1000, 427, 0.128322, 0.184395
1000, 428, 0.197193, 0.184531
1000, 429, 0.17477, 0.185918
1000, 430, 0.183762, 0.186049
1000, 431, 0.187115, 0.186072
1000, 432, 0.174324, 0.186367
1000, 433, 0.203876, 0.188267
1000, 434, 0.129165, 0.189598
1000, 435, 0.193829, 0.189618
1000, 436, 0.174216, 0.190445
1000, 437, 0.279256, 0.190725
1000, 438, 0.176197, 0.192397
1000, 439, 0.231239, 0.192442
1000, 440, 0.170391, 0.194558
1000, 441, 0.184076, 0.194727
1000, 442, 0.151276, 0.194746
1000, 443, 0.170129, 0.194747
1000, 444, 0.190914, 0.194951
1000, 445, 0.292087, 0.195511
1000, 446, 0.191692, 0.19565
1000, 447, 0.232156, 0.195861
1000, 448, 0.187679, 0.196229
1000, 449, 0.148265, 0.197017
1000, 450, 0.153569, 0.198531
1000, 451, 0.171472, 0.19893
1000, 452, 0.176531, 0.199012
1000, 453, 0.198739, 0.1994
1000, 454, 0.304681, 0.199765
1000, 455, 0.180575, 0.200233
1000, 456, 0.1845, 0.204047
1000, 457, 0.165432, 0.20438
1000, 458, 0.301283, 0.204666
1000, 459, 0.172894, 0.205717
1000, 460, 0.170717, 0.206283
1000, 461, 0.167178, 0.206977
1000, 462, 0.178482, 0.208316
1000, 463, 0.236179, 0.208508
1000, 464, 0.177743, 0.208598
1000, 465, 0.230831, 0.209358
1000, 466, 0.344782, 0.209683
1000, 467, 0.177708, 0.210592
1000, 468, 0.155812, 0.210707
1000, 469, 0.214294, 0.211733
1000, 470, 0.226836, 0.212445
1000, 471, 0.195988, 0.213101
1000, 472, 0.277463, 0.213215
1000, 473, 0.198788, 0.214211
1000, 474, 0.217487, 0.215572
1000, 475, 0.177571, 0.216679
1000, 476, 0.32404, 0.217141
1000, 477, 0.14345, 0.218798
1000, 478, 0.449954, 0.219167
1000, 479, 0.186483, 0.219593
1000, 480, 0.124569, 0.221413
1000, 481, 0.16299, 0.228233
1000, 482, 0.184721, 0.23148
1000, 483, 0.288347, 0.232143
1000, 484, 0.174614, 0.23223
1000, 485, 0.368097, 0.233544
1000, 486, 0.267117, 0.234647
1000, 487, 0.252822, 0.236125
1000, 488, 0.205749, 0.236452
1000, 489, 0.192017, 0.241157
1000, 490, 0.203111, 0.242264
1000, 491, 0.216198, 0.242446
1000, 492, 0.183749, 0.242922
1000, 493, 0.179255, 0.243333
1000, 494, 0.215979, 0.244175
1000, 495, 0.194925, 0.245124
1000, 496, 0.416386, 0.247382
1000, 497, 0.177917, 0.248116
1000, 498, 0.235739, 0.249396
1000, 499, 0.290575, 0.252585
1000, 500, 0.172279, 0.253012
1000, 501, 0.215236, 0.253566
1000, 502, 0.215128, 0.254207
1000, 503, 0.201706, 0.256049
1000, 504, 0.175169, 0.25709
1000, 505, 0.276476, 0.258124
1000, 506, 0.206659, 0.259875
1000, 507, 0.214449, 0.26141
1000, 508, 0.220524, 0.261458
1000, 509, 0.237468, 0.261746
1000, 510, 0.227608, 0.262518
1000, 511, 0.278865, 0.263561
1000, 512, 0.292566, 0.263934
1000, 513, 0.236417, 0.264273
1000, 514, 0.309305, 0.273557
1000, 515, 0.207564, 0.274922
1000, 516, 0.199566, 0.275744
1000, 517, 0.267632, 0.276431
1000, 518, 0.323176, 0.279586
1000, 519, 0.434431, 0.280334
1000, 520, 0.24957, 0.280686
1000, 521, 0.2069, 0.281671
1000, 522, 0.244958, 0.282664
1000, 523, 0.182196, 0.283951
1000, 524, 0.225969, 0.284527
1000, 525, 0.240399, 0.285274
1000, 526, 0.231389, 0.286304
1000, 527, 0.287182, 0.287878
1000, 528, 0.153331, 0.288884
1000, 529, 0.22293, 0.291126
1000, 530, 0.262425, 0.291857
1000, 531, 0.249838, 0.294163
1000, 532, 0.319296, 0.299533
1000, 533, 0.236357, 0.299811
1000, 534, 0.268623, 0.29982
1000, 535, 0.282469, 0.300505
1000, 536, 0.259255, 0.300712
1000, 537, 0.205634, 0.301266
1000, 538, 0.272165, 0.301551
1000, 539, 0.258332, 0.309347
1000, 540, 0.251994, 0.311163
1000, 541, 0.254325, 0.311241
1000, 542, 0.262991, 0.312054
1000, 543, 0.223203, 0.315018
1000, 544, 0.263578, 0.315225
1000, 545, 0.354559, 0.321445
1000, 546, 0.294203, 0.321486
1000, 547, 0.241126, 0.32508
1000, 548, 0.442695, 0.329614
1000, 549, 0.227514, 0.330988
1000, 550, 0.291043, 0.342078
1000, 551, 0.232963, 0.342768
1000, 552, 0.284992, 0.348933
1000, 553, 0.241352, 0.35195
1000, 554, 0.358172, 0.351986
1000, 555, 0.318836, 0.355434
1000, 556, 0.529235, 0.356558
1000, 557, 0.326381, 0.357685
1000, 558, 0.266246, 0.370387
1000, 559, 0.285488, 0.370859
1000, 560, 0.600521, 0.371482
1000, 561, 0.261998, 0.375542
1000, 562, 0.228278, 0.377871
1000, 563, 0.302137, 0.382201
1000, 564, 0.267347, 0.385624
1000, 565, 0.408329, 0.385837
1000, 566, 0.303773, 0.396128
1000, 567, 0.328452, 0.402651
1000, 568, 0.459664, 0.403377
1000, 569, 0.363693, 0.405155
1000, 570, 0.261275, 0.40531
1000, 571, 0.487571, 0.412547
1000, 572, 0.368516, 0.415752
1000, 573, 0.322333, 0.422719
1000, 574, 0.566636, 0.439137
1000, 575, 0.424158, 0.439275
1000, 576, 0.315518, 0.454988
1000, 577, 0.306124, 0.45608
1000, 578, 0.355239, 0.460326
1000, 579, 0.316604, 0.478406
1000, 580, 0.590081, 0.480336
1000, 581, 0.368774, 0.526459
1000, 582, 0.612376, 0.52702
1000, 583, 0.473386, 0.548279
1000, 584, 0.433585, 0.563139
1000, 585, 0.533018, 0.592693
1000, 586, 0.379788, 0.602205
1000, 587, 0.626947, 0.729116
1000, 588, 0.571194, 0.749997
1000, 589, 0.622139, 0.776247
1000, 590, 0.486709, 0.809529
1000, 591, 0.666847, 0.9
1500, 1, 0.0649773, 0.1
1500, 2, 0.0858559, 0.100213
1500, 3, 0.0746582, 0.100255
1500, 4, 0.068309, 0.100517
1500, 5, 0.0731697, 0.100521
1500, 6, 0.0797167, 0.100579
1500, 7, 0.080853, 0.100685
1500, 8, 0.0887211, 0.100703
1500, 9, 0.069416, 0.100711
1500, 10, 0.0709781, 0.100753
1500, 11, 0.0652172, 0.100795
1500, 12, 0.0831889, 0.100847
1500, 13, 0.120553, 0.100872
1500, 14, 0.103606, 0.10088
1500, 15, 0.0862294, 0.100928
1500, 16, 0.0813755, 0.10094
1500, 17, 0.0819056, 0.100944
1500, 18, 0.0777441, 0.10127
1500, 19, 0.180017, 0.101325
1500, 20, 0.0832024, 0.101395
1500, 21, 0.101495, 0.101422
1500, 22, 0.0781825, 0.101432
1500, 23, 0.0794946, 0.101487
1500, 24, 0.0851568, 0.101496
1500, 25, 0.086164, 0.101678
1500, 26, 0.0972969, 0.101683
1500, 27, 0.0776431, 0.101886
1500, 28, 0.106697, 0.101974
1500, 29, 0.096878, 0.102017
1500, 30, 0.0976463, 0.102018
1500, 31, 0.0686148, 0.102023
1500, 32, 0.0748263, 0.102188
1500, 33, 0.0831618, 0.102214
1500, 34, 0.0993647, 0.10228
1500, 35, 0.0836832, 0.102368
1500, 36, 0.0781003, 0.102371
1500, 37, 0.100479, 0.102491
1500, 38, 0.0880544, 0.102503
1500, 39, 0.104291, 0.102544
1500, 40, 0.0905517, 0.102594
1500, 41, 0.0816533, 0.102642
1500, 42, 0.0899305, 0.102688
1500, 43, 0.0978806, 0.102714
1500, 44, 0.103198, 0.102742
1500, 45, 0.0962246, 0.102788
1500, 46, 0.0967842, 0.102795
1500, 47, 0.0805138, 0.1028
1500, 48, 0.0940181, 0.102834
1500, 49, 0.095065, 0.102836
1500, 50, 0.0919629, 0.10285
1500, 51, 0.0773047, 0.102879
1500, 52, 0.0970109, 0.10296
1500, 53, 0.0860175, 0.102972
1500, 54, 0.106055, 0.103075
1500, 55, 0.0887865, 0.103135
1500, 56, 0.110967, 0.10332
1500, 57, 0.115935, 0.103352
1500, 58, 0.115234, 0.10342
1500, 59, 0.117415, 0.103552
1500, 60, 0.120687, 0.103601
1500, 61, 0.0875322, 0.103615
1500, 62, 0.0899612, 0.103627
1500, 63, 0.141921, 0.103673
1500, 64, 0.101091, 0.103865
1500, 65, 0.118007, 0.103871
1500, 66, 0.110852, 0.103974
1500, 67, 0.0955747, 0.104014
1500, 68, 0.0904586, 0.104041
1500, 69, 0.110203, 0.104096
1500, 70, 0.0984822, 0.1041
1500, 71, 0.107426, 0.104163
1500, 72, 0.113168, 0.104342
1500, 73, 0.0841617, 0.104394
1500, 74, 0.0849099, 0.104625
1500, 75, 0.129309, 0.104653
1500, 76, 0.118244, 0.104708
1500, 77, 0.113594, 0.104809
1500, 78, 0.113634, 0.104818
1500, 79, 0.0713953, 0.104839
1500, 80, 0.091806, 0.104899
1500, 81, 0.208675, 0.104922
1500, 82, 0.128085, 0.105082
1500, 83, 0.0885735, 0.105166
1500, 84, 0.111616, 0.10519
1500, 85, 0.106526, 0.105235
1500, 86, 0.0971728, 0.105333
1500, 87, 0.124245, 0.105628
1500, 88, 0.0952312, 0.105639
1500, 89, 0.0980982, 0.105778
1500, 90, 0.192481, 0.105927
1500, 91, 0.105777, 0.105971
1500, 92, 0.130403, 0.106032
1500, 93, 0.149255, 0.106136
1500, 94, 0.109796, 0.106182
1500, 95, 0.128515, 0.106316
1500, 96, 0.0993287, 0.106319
1500, 97, 0.118024, 0.106337
1500, 98, 0.0848063, 0.106356
1500, 99, 0.101271, 0.106399
1500, 100, 0.10058, 0.106437
1500, 101, 0.132796, 0.10644
1500, 102, 0.106918, 0.106441
1500, 103, 0.10715, 0.10647
1500, 104, 0.122046, 0.10672
1500, 105, 0.108212, 0.106737
1500, 106, 0.105733, 0.106939
1500, 107, 0.104423, 0.107022
1500, 108, 0.108582, 0.107076
1500, 109, 0.126794, 0.1073
1500, 110, 0.110601, 0.107431
1500, 111, 0.0911922, 0.107558
1500, 112, 0.132032, 0.10756
1500, 113, 0.127633, 0.107594
1500, 114, 0.113055, 0.107607
1500, 115, 0.116468, 0.107647
1500, 116, 0.11886, 0.10798
1500, 117, 0.104238, 0.10816
1500, 118, 0.0928332, 0.10816
1500, 119, 0.117637, 0.108279
1500, 120, 0.117743, 0.108307
1500, 121, 0.125613, 0.108428
1500, 122, 0.121587, 0.108471
1500, 123, 0.101919, 0.108502
1500, 124, 0.174746, 0.108541
1500, 125, 0.157406, 0.108569
1500, 126, 0.125009, 0.108681
1500, 127, 0.135602, 0.108747
1500, 128, 0.11021, 0.108759
1500, 129, 0.144452, 0.108793
1500, 130, 0.1152, 0.108818
1500, 131, 0.10753, 0.108836
1500, 132, 0.11394, 0.10893
1500, 133, 0.137946, 0.108992
1500, 134, 0.118996, 0.109071
1500, 135, 0.100464, 0.1091
1500, 136, 0.139077, 0.10922
1500, 137, 0.119816, 0.109393
1500, 138, 0.106574, 0.10951
1500, 139, 0.118529, 0.109569
1500, 140, 0.103619, 0.109683
1500, 141, 0.139386, 0.109808
1500, 142, 0.127456, 0.109821
1500, 143, 0.105641, 0.109878
1500, 144, 0.128141, 0.109967
1500, 145, 0.109128, 0.110144
1500, 146, 0.204211, 0.11021
1500, 147, 0.11318, 0.110242
1500, 148, 0.112657, 0.110297
1500, 149, 0.117827, 0.110298
1500, 150, 0.0946203, 0.110344
1500, 151, 0.132657, 0.110357
1500, 152, 0.10876, 0.110405
1500, 153, 0.118957, 0.110644
1500, 154, 0.102233, 0.11065
1500, 155, 0.12156, 0.110757
1500, 156, 0.0944868, 0.110769
1500, 157, 0.111934, 0.110822
1500, 158, 0.110728, 0.110851
1500, 159, 0.122325, 0.110987
1500, 160, 0.186448, 0.11103
1500, 161, 0.120877, 0.111036
1500, 162, 0.102835, 0.111186
1500, 163, 0.129395, 0.111223
1500, 164, 0.154071, 0.111313
1500, 165, 0.146951, 0.11132
1500, 166, 0.103887, 0.111496
1500, 167, 0.148828, 0.111622
1500, 168, 0.108067, 0.111641
1500, 169, 0.122234, 0.111744
1500, 170, 0.148143, 0.111832
1500, 171, 0.102075, 0.111975
1500, 172, 0.177305, 0.112046
1500, 173, 0.112154, 0.112157
1500, 174, 0.108027, 0.112157
1500, 175, 0.167086, 0.112175
1500, 176, 0.133285, 0.112199
1500, 177, 0.179089, 0.112201
1500, 178, 0.115749, 0.112265
1500, 179, 0.164664, 0.112265
1500, 180, 0.152695, 0.112726
1500, 181, 0.11157, 0.112738
1500, 182, 0.149415, 0.112784
1500, 183, 0.132221, 0.11295
1500, 184, 0.16153, 0.113029
1500, 185, 0.197823, 0.113066
1500, 186, 0.112053, 0.113107
1500, 187, 0.130808, 0.113205
1500, 188, 0.0983938, 0.113266
1500, 189, 0.125106, 0.113297
1500, 190, 0.1392, 0.113298
1500, 191, 0.1544, 0.113403
1500, 192, 0.135234, 0.113417
1500, 193, 0.113173, 0.113424
1500, 194, 0.125935, 0.113777
1500, 195, 0.119587, 0.114374
1500, 196, 0.151358, 0.114844
1500, 197, 0.114354, 0.114916
1500, 198, 0.121492, 0.115105
1500, 199, 0.205677, 0.115134
1500, 200, 0.167568, 0.115278
1500, 201, 0.129012, 0.115289
1500, 202, 0.140676, 0.115306
1500, 203, 0.122776, 0.115641
1500, 204, 0.124712, 0.115925
1500, 205, 0.20454, 0.11604
1500, 206, 0.16302, 0.116288
1500, 207, 0.144137, 0.116375
1500, 208, 0.107054, 0.117135
1500, 209, 0.117669, 0.117294
1500, 210, 0.148014, 0.117316
1500, 211, 0.142972, 0.117409
1500, 212, 0.137467, 0.117454
1500, 213, 0.145244, 0.117498
1500, 214, 0.126514, 0.117517
1500, 215, 0.13658, 0.117534
1500, 216, 0.135301, 0.117986
1500, 217, 0.128682, 0.118141
1500, 218, 0.161537, 0.118342
1500, 219, 0.14812, 0.118588
1500, 220, 0.115132, 0.118592
1500, 221, 0.138495, 0.118788
1500, 222, 0.185196, 0.119677
1500, 223, 0.161195, 0.119726
1500, 224, 0.123231, 0.119817
1500, 225, 0.156024, 0.120077
1500, 226, 0.133422, 0.120597
1500, 227, 0.160217, 0.120945
1500, 228, 0.127993, 0.121157
1500, 229, 0.13402, 0.121467
1500, 230, 0.110681, 0.121509
1500, 231, 0.137449, 0.121901
1500, 232, 0.128448, 0.121994
1500, 233, 0.157926, 0.122009
1500, 234, 0.117021, 0.122349
1500, 235, 0.129356, 0.122448
1500, 236, 0.159246, 0.122459
1500, 237, 0.10264, 0.122534
1500, 238, 0.149747, 0.12269
1500, 239, 0.158331, 0.122916
1500, 240, 0.16075, 0.123425
1500, 241, 0.14398, 0.123708
1500, 242, 0.151131, 0.123852
1500, 243, 0.132548, 0.123922
1500, 244, 0.154732, 0.123991
1500, 245, 0.151273, 0.123998
1500, 246, 0.122557, 0.124178
1500, 247, 0.118099, 0.12437
1500, 248, 0.104876, 0.124564
1500, 249, 0.161132, 0.124642
1500, 250, 0.133792, 0.124815
1500, 251, 0.17387, 0.125122
1500, 252, 0.156274, 0.125164
1500, 253, 0.140537, 0.12537
1500, 254, 0.159981, 0.125408
1500, 255, 0.118584, 0.125869
1500, 256, 0.132075, 0.126031
1500, 257, 0.172661, 0.126728
1500, 258, 0.152143, 0.127565
1500, 259, 0.166476, 0.127665
1500, 260, 0.14569, 0.12775
1500, 261, 0.161587, 0.128303
1500, 262, 0.13256, 0.128556
1500, 263, 0.165396, 0.128676
1500, 264, 0.114372, 0.129015
1500, 265, 0.105503, 0.129059
1500, 266, 0.111914, 0.129224
1500, 267, 0.136051, 0.129347
1500, 268, 0.153707, 0.129356
1500, 269, 0.140153, 0.129448
1500, 270, 0.140234, 0.129587
1500, 271, 0.175978, 0.129652
1500, 272, 0.096369, 0.129674
1500, 273, 0.185903, 0.129706
1500, 274, 0.141261, 0.13003
1500, 275, 0.162577, 0.130042
1500, 276, 0.15017, 0.130095
1500, 277, 0.119564, 0.130121
1500, 278, 0.161435, 0.13032
1500, 279, 0.163839, 0.130701
1500, 280, 0.175205, 0.130827
1500, 281, 0.183993, 0.130914
1500, 282, 0.148445, 0.130983
1500, 283, 0.116979, 0.131306
1500, 284, 0.202279, 0.131418
1500, 285, 0.125578, 0.131539
1500, 286, 0.134212, 0.132348
1500, 287, 0.122883, 0.132361
1500, 288, 0.149467, 0.132428
1500, 289, 0.127879, 0.132457
1500, 290, 0.224644, 0.132854
1500, 291, 0.169129, 0.133635
1500, 292, 0.153425, 0.133655
1500, 293, 0.139455, 0.133812
1500, 294, 0.0879316, 0.134683
1500, 295, 0.149512, 0.134751
1500, 296, 0.136402, 0.134974
1500, 297, 0.118553, 0.135121
1500, 298, 0.134479, 0.135336
1500, 299, 0.137897, 0.135639
1500, 300, 0.206614, 0.136267
1500, 301, 0.13283, 0.136412
1500, 302, 0.129245, 0.136522
1500, 303, 0.138955, 0.136585
1500, 304, 0.151055, 0.13667
1500, 305, 0.138336, 0.136937
1500, 306, 0.166589, 0.137319
1500, 307, 0.18864, 0.137327
1500, 308, 0.160779, 0.137429
1500, 309, 0.141269, 0.138783
1500, 310, 0.172283, 0.138898
1500, 311, 0.141362, 0.138922
1500, 312, 0.1598, 0.138988
1500, 313, 0.136642, 0.139162
1500, 314, 0.140188, 0.139528
1500, 315, 0.12372, 0.139623
1500, 316, 0.151331, 0.140005
1500, 317, 0.113674, 0.140119
1500, 318, 0.169967, 0.140196
1500, 319, 0.149259, 0.140325
1500, 320, 0.157576, 0.140505
1500, 321, 0.173647, 0.140705
1500, 322, 0.161286, 0.140902
1500, 323, 0.135954, 0.141417
1500, 324, 0.182603, 0.141521
1500, 325, 0.122833, 0.14182
1500, 326, 0.145232, 0.142323
1500, 327, 0.162814, 0.142718
1500, 328, 0.159139, 0.1432
1500, 329, 0.164718, 0.143354
1500, 330, 0.146286, 0.143356
1500, 331, 0.183181, 0.143503
1500, 332, 0.129533, 0.144443
1500, 333, 0.125243, 0.145047
1500, 334, 0.163003, 0.145452
1500, 335, 0.121811, 0.145826
1500, 336, 0.156077, 0.145976
1500, 337, 0.147852, 0.146468
1500, 338, 0.114739, 0.146523
1500, 339, 0.129486, 0.147185
1500, 340, 0.185213, 0.14751
1500, 341, 0.132777, 0.147888
1500, 342, 0.163847, 0.147996
1500, 343, 0.167332, 0.148135
1500, 344, 0.156139, 0.14821
1500, 345, 0.149234, 0.148532
1500, 346, 0.121662, 0.148727
1500, 347, 0.159532, 0.148817
1500, 348, 0.139144, 0.14934
1500, 349, 0.17832, 0.149623
1500, 350, 0.142767, 0.149737
1500, 351, 0.184941, 0.150383
1500, 352, 0.127742, 0.150536
1500, 353, 0.133091, 0.151046
1500, 354, 0.117503, 0.151188
1500, 355, 0.148812, 0.151232
1500, 356, 0.198773, 0.151299
1500, 357, 0.143145, 0.151442
1500, 358, 0.143743, 0.151972
1500, 359, 0.136485, 0.151993
1500, 360, 0.141226, 0.152263
1500, 361, 0.150656, 0.153149
1500, 362, 0.167413, 0.153564
1500, 363, 0.149948, 0.154023
1500, 364, 0.114217, 0.154206
1500, 365, 0.201722, 0.154268
1500, 366, 0.126508, 0.154803
1500, 367, 0.138869, 0.155542
1500, 368, 0.165222, 0.156162
1500, 369, 0.189212, 0.156408
1500, 370, 0.131404, 0.156657
1500, 371, 0.178854, 0.156925
1500, 372, 0.150165, 0.157134
1500, 373, 0.112221, 0.157499
1500, 374, 0.150986, 0.15774
1500, 375, 0.175796, 0.158264
1500, 376, 0.123379, 0.158419
1500, 377, 0.231832, 0.158422
1500, 378, 0.176221, 0.15934
1500, 379, 0.184942, 0.160313
1500, 380, 0.155929, 0.161236
1500, 381, 0.228971, 0.162441
1500, 382, 0.154414, 0.162481
1500, 383, 0.152738, 0.16288
1500, 384, 0.153014, 0.162925
1500, 385, 0.138322, 0.163074
1500, 386, 0.162444, 0.164368
1500, 387, 0.160783, 0.164462
1500, 388, 0.252568, 0.164687
1500, 389, 0.205502, 0.164895
1500, 390, 0.151016, 0.164897
1500, 391, 0.193478, 0.16507
1500, 392, 0.179506, 0.165144
1500, 393, 0.136835, 0.165381
1500, 394, 0.121207, 0.165846
1500, 395, 0.22178, 0.166689
1500, 396, 0.155948, 0.166743
1500, 397, 0.151944, 0.166745
1500, 398, 0.164724, 0.166813
1500, 399, 0.16997, 0.167282
1500, 400, 0.162411, 0.167755
1500, 401, 0.196823, 0.167797
1500, 402, 0.187696, 0.168685
1500, 403, 0.1789, 0.168939
1500, 404, 0.152012, 0.169073
1500, 405, 0.149845, 0.170201
1500, 406, 0.167017, 0.170473
1500, 407, 0.155109, 0.172093
1500, 408, 0.168311, 0.172616
1500, 409, 0.157919, 0.172843
1500, 410, 0.205194, 0.173157
1500, 411, 0.177071, 0.174649
1500, 412, 0.179351, 0.175354
1500, 413, 0.189687, 0.176001
1500, 414, 0.159614, 0.177113
1500, 415, 0.162026, 0.177498
1500, 416, 0.210833, 0.178732
1500, 417, 0.230728, 0.178827
1500, 418, 0.239674, 0.178938
1500, 419, 0.167014, 0.180858
1500, 420, 0.197402, 0.1811
1500, 421, 0.159388, 0.181165
1500, 422, 0.195882, 0.181266
1500, 423, 0.237664, 0.18155
1500, 424, 0.16911, 0.181858
1500, 425, 0.140649, 0.181997
1500, 426, 0.200107, 0.184193
1500, 427, 0.135997, 0.184395
1500, 428, 0.186, 0.184531
1500, 429, 0.173948, 0.185918
1500, 430, 0.182577, 0.186049
1500, 431, 0.190294, 0.186072
1500, 432, 0.17558, 0.186367
1500, 433, 0.206996, 0.188267
1500, 434, 0.139666, 0.189598
1500, 435, 0.173088, 0.189618
1500, 436, 0.17647, 0.190445
1500, 437, 0.265549, 0.190725
1500, 438, 0.182872, 0.192397
1500, 439, 0.208995, 0.192442
1500, 440, 0.181907, 0.194558
1500, 441, 0.182961, 0.194727
1500, 442, 0.158085, 0.194746
1500, 443, 0.16912, 0.194747
1500, 444, 0.176821, 0.194951
1500, 445, 0.305818, 0.195511
1500, 446, 0.194315, 0.19565
1500, 447, 0.229168, 0.195861
1500, 448, 0.189741, 0.196229
1500, 449, 0.156863, 0.197017
1500, 450, 0.161349, 0.198531
1500, 451, 0.181572, 0.19893
1500, 452, 0.177236, 0.199012
1500, 453, 0.202875, 0.1994
1500, 454, 0.33752, 0.199765
1500, 455, 0.179094, 0.200233
1500, 456, 0.187918, 0.204047
1500, 457, 0.168149, 0.20438
1500, 458, 0.303453, 0.204666
1500, 459, 0.173625, 0.205717
1500, 460, 0.160305, 0.206283
1500, 461, 0.162465, 0.206977
1500, 462, 0.180593, 0.208316
1500, 463, 0.234878, 0.208508
1500, 464, 0.176803, 0.208598
1500, 465, 0.241976, 0.209358
1500, 466, 0.309324, 0.209683
1500, 467, 0.18195, 0.210592
1500, 468, 0.161234, 0.210707
1500, 469, 0.208296, 0.211733
1500, 470, 0.225508, 0.212445
1500, 471, 0.197968, 0.213101
1500, 472, 0.284926, 0.213215
1500, 473, 0.201983, 0.214211
1500, 474, 0.222545, 0.215572
1500, 475, 0.190898, 0.216679
1500, 476, 0.3494, 0.217141
1500, 477, 0.140233, 0.218798
1500, 478, 0.349648, 0.219167
1500, 479, 0.187509, 0.219593
1500, 480, 0.131805, 0.221413
1500, 481, 0.170732, 0.228233
1500, 482, 0.184765, 0.23148
1500, 483, 0.251736, 0.232143
1500, 484, 0.173492, 0.23223
1500, 485, 0.397535, 0.233544
1500, 486, 0.252227, 0.234647
1500, 487, 0.259175, 0.236125
1500, 488, 0.215014, 0.236452
1500, 489, 0.195597, 0.241157
1500, 490, 0.21637, 0.242264
1500, 491, 0.187558, 0.242446
1500, 492, 0.196164, 0.242922
1500, 493, 0.179966, 0.243333
1500, 494, 0.230809, 0.244175
1500, 495, 0.193681, 0.245124
1500, 496, 0.378315, 0.247382
1500, 497, 0.14629, 0.248116
1500, 498, 0.246098, 0.249396
1500, 499, 0.314594, 0.252585
1500, 500, 0.175571, 0.253012
1500, 501, 0.200689, 0.253566
1500, 502, 0.231148, 0.254207
1500, 503, 0.20673, 0.256049
1500, 504, 0.179833, 0.25709
1500, 505, 0.291175, 0.258124
1500, 506, 0.170502, 0.259875
1500, 507, 0.220001, 0.26141
1500, 508, 0.22581, 0.261458
1500, 509, 0.251425, 0.261746
1500, 510, 0.237706, 0.262518
1500, 511, 0.31312, 0.263561
1500, 512, 0.284534, 0.263934
1500, 513, 0.255519, 0.264273
1500, 514, 0.31758, 0.273557
1500, 515, 0.208118, 0.274922
1500, 516, 0.207833, 0.275744
1500, 517, 0.279975, 0.276431
1500, 518, 0.348641, 0.279586
1500, 519, 0.463918, 0.280334
1500, 520, 0.257062, 0.280686
1500, 521, 0.213896, 0.281671
1500, 522, 0.251144, 0.282664
1500, 523, 0.178126, 0.283951
1500, 524, 0.241787, 0.284527
1500, 525, 0.251695, 0.285274
1500, 526, 0.239709, 0.286304
1500, 527, 0.287668, 0.287878
1500, 528, 0.17432, 0.288884
1500, 529, 0.225065, 0.291126
1500, 530, 0.279101, 0.291857
1500, 531, 0.259767, 0.294163
1500, 532, 0.335559, 0.299533
1500, 533, 0.239905, 0.299811
1500, 534, 0.280978, 0.29982
1500, 535, 0.292848, 0.300505
1500, 536, 0.257528, 0.300712
1500, 537, 0.214316, 0.301266
1500, 538, 0.292963, 0.301551
1500, 539, 0.274917, 0.309347
1500, 540, 0.273678, 0.311163
1500, 541, 0.265786, 0.311241
1500, 542, 0.279774, 0.312054
1500, 543, 0.225759, 0.315018
1500, 544, 0.275897, 0.315225
1500, 545, 0.36845, 0.321445
1500, 546, 0.296648, 0.321486
1500, 547, 0.244961, 0.32508
1500, 548, 0.443364, 0.329614
1500, 549, 0.225787, 0.330988
1500, 550, 0.305952, 0.342078
1500, 551, 0.235603, 0.342768
1500, 552, 0.292133, 0.348933
1500, 553, 0.26376, 0.35195
1500, 554, 0.395737, 0.351986
1500, 555, 0.341126, 0.355434
1500, 556, 0.477608, 0.356558
1500, 557, 0.32769, 0.357685
1500, 558, 0.277558, 0.370387
1500, 559, 0.300575, 0.370859
1500, 560, 0.473613, 0.371482
1500, 561, 0.250042, 0.375542
1500, 562, 0.25318, 0.377871
1500, 563, 0.323366, 0.382201
1500, 564, 0.285226, 0.385624
1500, 565, 0.463176, 0.385837
1500, 566, 0.329051, 0.396128
1500, 567, 0.346836, 0.402651
1500, 568, 0.471498, 0.403377
1500, 569, 0.401311, 0.405155
1500, 570, 0.271956, 0.40531
1500, 571, 0.461168, 0.412547
1500, 572, 0.351188, 0.415752
1500, 573, 0.338853, 0.422719
1500, 574, 0.573028, 0.439137
1500, 575, 0.446585, 0.439275
1500, 576, 0.339637, 0.454988
1500, 577, 0.330573, 0.45608
1500, 578, 0.383939, 0.460326
1500, 579, 0.341345, 0.478406
1500, 580, 0.582658, 0.480336
1500, 581, 0.406876, 0.526459
1500, 582, 0.474841, 0.52702
1500, 583, 0.469391, 0.548279
1500, 584, 0.483275, 0.563139
1500, 585, 0.556898, 0.592693
1500, 586, 0.429028, 0.602205
1500, 587, 0.610847, 0.729116
1500, 588, 0.577469, 0.749997
1500, 589, 0.701447, 0.776247
1500, 590, 0.530308, 0.809529
1500, 591, 0.723056, 0.9
